shape,center_x,center_y,color_hex,size_px,is_small,rotation,bg_luminance,bg_dark,ist_fehler,bekommt_kreis
O,165,271,#0064FF,35,False,180,7,True,True,True
O,741,331,#0064FF,15,True,180,19,True,True,True
O,99,651,#FF8C00,15,True,90,0,True,True,True
L,675,495,#FF8C00,15,True,180,9,True,True,True
T,799,406,#0064FF,35,False,0,192,False,False,False
O,161,562,#FF8C00,35,False,90,35,True,True,True
T,543,204,#FF8C00,15,True,90,194,False,False,False
Q,316,727,#0064FF,35,False,270,201,False,False,False
L,456,107,#0064FF,15,True,0,165,False,True,True
L,285,210,#0064FF,35,False,90,38,True,True,True
Q,437,528,#0064FF,35,False,0,198,False,False,False
Q,177,509,#FF8C00,15,True,180,131,False,False,False
T,487,706,#FF8C00,15,True,180,189,False,False,False
Q,85,391,#0064FF,35,False,90,194,False,False,False
Q,663,413,#0064FF,15,True,270,156,False,False,False
T,380,429,#FF8C00,15,True,180,194,False,False,False
T,631,266,#0064FF,35,False,90,121,False,False,False
L,291,111,#FF8C00,15,True,90,20,True,True,True
Q,812,189,#0064FF,15,True,90,140,False,False,False
Q,367,169,#FF8C00,15,True,0,0,True,False,False
Q,766,566,#FF8C00,35,False,180,1,True,False,False
L,703,123,#0064FF,35,False,270,53,True,True,True
T,576,379,#FF8C00,15,True,270,194,False,False,False
L,380,87,#FF8C00,35,False,90,58,True,True,True
T,714,203,#0064FF,35,False,0,0,True,False,False
T,908,53,#FF8C00,15,True,90,194,False,False,False
T,401,733,#FF8C00,35,False,180,202,False,False,False
T,298,508,#0064FF,35,False,180,201,False,False,False
Q,618,508,#FF8C00,15,True,180,87,True,False,False
Q,928,507,#0064FF,35,False,270,194,False,False,False
Q,301,406,#0064FF,35,False,0,201,False,False,False
T,899,396,#0064FF,15,True,0,196,False,False,False
O,686,287,#FF8C00,15,True,180,17,True,True,True
Q,544,491,#FF8C00,15,True,180,192,False,False,False
O,521,340,#0064FF,15,True,0,194,False,True,True
L,771,230,#0064FF,15,True,180,26,True,True,True
T,806,726,#FF8C00,35,False,90,188,False,False,False
Q,137,737,#FF8C00,35,False,270,158,False,False,False
T,132,177,#0064FF,35,False,180,148,False,False,False
O,205,226,#FF8C00,35,False,180,0,True,True,True
